"ID","Entidad","Entidad Acompañante","Sector","Objetivo ","Descripción de los compromisos ","Periodicidad en la ejecución de compromisos","Si se reprogramó","No se reprogramó ","Fecha de Reprogramación","Fecha final de ejecución","Resultados ( Resumen del resultado obtenido de la intervención)","Coordenadas de intervención","Lugar de intervención","Población impactada ","Objetivo Plan de Desarrollo Distrital  ","Programa Plan de Desarrollo Distrital   ","Observación"
"1","Secretaria Distrital de Salud","Alcaldia Local de Santa Fe","Salud","8. Desarrollar acciones de información, comunicación, educación,  y orientación frente a las situaciones problemáticas que afectan la salud de la comunidad del sector de San Bernardo. ","
1. Entorno/Proceso educativo: Realizar acercamiento al Colegio San Bernardo La Salle para establecer plan de cuidado escolar como insumo para despliegue de las acciones. ","25 de marzo del 2025 ","0","1","No se reprogramo","25/03/25","1) Se socializan las acciones del entorno cuidador educativo en la cual se concertó la realización de elemntos concernientes al producto Bienestar Emocional con la priorización de los  siguientes temas:                                             • Uso de Vapeadores y Energizantes – (701,702) (801,802)                                                 • Ansiedad – (901,902)                                               • Depresión – (1001, 1002).                                                                                                                                                        2) Se proyectan las siguientes fechas para realizar los respectivos procesos de implementación de acciones:                                    a) 8 de Mayo 2025 – Primer Momento                        b) 20 a 23 de Mayo 2025 – Segundo Momento            c) 3 a 6 de Junio 2025 – Tercer Momento ","4.592696337936549, -74.08568572791077","Colegio San Bernardo La Salle","178","Objetivo 2. Bogotá confia en su bien-estar ","Programa 10: Salud pública integrada e integral 

",""
"2","Secretaria Distrital de Salud","Alcaldia Local de Santa Fe","Salud","8. Desarrollar acciones de información, comunicación, educación,  y orientación frente a las situaciones problemáticas que afectan la salud de la comunidad del sector de San Bernardo. . ","2. Entorno/Proceso comunitario- 
Bienestar integral es más salud mental - Pruebas rápidas de VIH, Sífilis y Hepatitis B","26 de marzo de 2025
","0","1","No se reprogramo","26/03/25","* Bienestar Integral es Mas Salud Mental: 9 tamizajes de salud mental; Tripleta de Sífilis, VIH , Hepatitis B (9 personas). 
* Se realiza 2 Notificaciones al sistema de Vigilancia Epidemiológica, 1 de ellas con notificación al Subsistema de SISVECOS y 1 a SIVIGILA.","","","11","Objetivo 2. Bogotá confia en su bien-estar ","Programa 10: Salud pública integrada e integral ",""
"3","Secretaria Distrital de Salud","Alcaldia Local de Santa Fe","Salud","8. Desarrollar acciones de información, comunicación, educación,  y orientación frente a las situaciones problemáticas que afectan la salud de la comunidad del sector de San Bernardo. . ","3. Entorno/Proceso comunitario- SPacios de bienestar PID: Realizar abordaje a población diferencial habitanza en calle.","27 de marzo de 2025
","0","1","No se reprogramo","27/03/25","Este proceso se adelantó en el entorno del colegio Antonio José Uribe con las siguientes actividades:                                                           a) Recorrido por el Barrio; b)atención a personas consumidoras de sustancias psicoactivas y c) educación en Salud para prevención del consumo en adolescentes.
Estas  actividades se realizaron para la atención de personas que transitan en el barrio y que corresponden a usuarios PID, sin embargo, se amplió a residentes del barrio y estudiantes del colegio Antonio José Uribe.
Cobertura: 36 personas (11 hombres – 25 mujeres)","4.59240576760452, -74.08235459263258","Colegio Antonio José Uribe ","36","Objetivo 2. Bogotá confia en su bien-estar ","Programa 10: Salud pública integrada e integral ",""
"4","Secretaria Distrital de Salud","Alcaldia Local de Santa Fe","Salud","8. Desarrollar acciones de información, comunicación, educación,  y orientación frente a las situaciones problemáticas que afectan la salud de la comunidad del sector de San Bernardo. . ","4. Jornadas MAS Bienestar: Equipo cuidarte - Cuidándonos a través del arte
Tema: Salud mental","Se incluyo corde a necesidad del territorio","0","1","No se reprogramo","28/03/25","Acciones de educación en salud pública frente a temática de salud mental durante recorrido sectorial. San Bernardo.
Cobertura: 204 personas (101  hombres –103 mujeres)","","San Bernardo","204","Objetivo 2. Bogotá confia en su bien-estar ","Programa 10: Salud pública integrada e integral ",""
"5","Secretaria Distrital de Salud","Alcaldia Local de Santa Fe","Salud","8. Desarrollar acciones de información, comunicación, educación,  y orientación frente a las situaciones problemáticas que afectan la salud de la comunidad del sector de San Bernardo. . ","5. Entorno/Proceso Laboral: Realizar identificación y caracterización de: a) Unidades de Trabajo Informal y b) de Niños, Niñas y Adolescentes Trabajadores   ","29 de marzo de 2025
","0","1","No se reprogramo","29/03/25","*Se realizó 2 colectivos abordando 20 trabajadores informales, socializando acciones promocionales para la salud y seguridad en el trabajo con trabajadores informales y trabajo infantil. 
*Se logro que los padres de 5 niños, niñas y adolescentes trabajadores autorizaran el desarrollo de la estrategia. 
 *Se capturo información para agendamiento de cita para salud a 3 personas
*Se remitió a 1 usuaria para que actualice su SISBEN porque aparecía como desafinada de Capital. 30 Niños, Niñas y Adolescentes trabajadores caracterizados. 
 24 niños y niñas y 6 adolescentes.","","San Bernardo","50","Objetivo 2. Bogotá confia en su bien-estar ","Programa 10: Salud pública integrada e integral ",""
"6","Secretaria Distrital de Salud","Alcaldia Local de Santa Fe","Salud","8. Desarrollar acciones de información, comunicación, educación,  y orientación frente a las situaciones problemáticas que afectan la salud de la comunidad del sector de San Bernardo. . ","6. Entorno/Proceso PAI: 
•	Implementar Programa Ampliado de Inmunizaciones (PAI) Vacunación a población susceptible según el esquema nacional de vacunación establecido por el Ministerio de Salud ","2 de abril de 2025
","1","0","31 de marzo de 2025
","31/03/25","Durante la actividad, se logró administrar 8 biológicos, así:
Vacuna contra Neumococo: 1 dosis
Vacuna Hepatitis B: 7 dosis","","San Bernardo","8","Objetivo 2. Bogotá confia en su bien-estar ","Programa 10: Salud pública integrada e integral ",""
"7","Secretaria Distrital de Salud","Alcaldia Local de Santa Fe","Salud","8. Desarrollar acciones de información, comunicación, educación,  y orientación frente a las situaciones problemáticas que afectan la salud de la comunidad del sector de San Bernardo. . ","7. Jornadas MAS Bienestar:  Equipo cuidarte - Cuidandonos a través del arte
Tema: Salud mental","2 de abril de 2025
","0","1","No se reprogramo","2/04/25","
Puesta en escena de salud mental en el parque Santa fe, acciones de educación para la salud pública orientadas al cuidado de la salud mental  durante el recorrido  intersectorial.
Parque San Bernardo
Cobertura: 300 personas (218  hombres – 82 mujeres)
","","San Bernardo","300","Objetivo 2. Bogotá confia en su bien-estar ","Programa 10: Salud pública integrada e integral ",""
"8","Secretaria Distrital de Salud","Alcaldia Local de Santa Fe","Salud","8. Desarrollar acciones de información, comunicación, educación,  y orientación frente a las situaciones problemáticas que afectan la salud de la comunidad del sector de San Bernardo. . ","8. Entorno/Proceso Gestión Territorial: Implementar Laboratorio social de participación  (control social) con la comunidad. ","2 de abril de 2025
","1","0","9 de abril de 2025
","9/04/25","Se abordaron 15 personas para implementar un laboratrorio social de participación en el barrio San Bernardo. ","","San Bernardo","15","Objetivo 2. Bogotá confia en su bien-estar ","Programa 10: Salud pública integrada e integral ",""
"9","Secretaria Distrital de Salud","Alcaldia Local de Santa Fe","Salud","8. Desarrollar acciones de información, comunicación, educación,  y orientación frente a las situaciones problemáticas que afectan la salud de la comunidad del sector de San Bernardo. . ","9. Entorno/Proceso comunitario: Desarrollar Jornadas en el marco de la estrategia más Bienestar - Cuidarte - Salud Mental","3 de abril de 2025
","0","1","No se reprogramo","3/04/25","Acciones de educación para la salud pública orientadas al cuidado de la salud mental  durante el recorrido  intersectorial.
La Rioja
Cobertura: 144 personas (79  hombres – 65 mujeres)
","","San Bernardo","144","Objetivo 2. Bogotá confia en su bien-estar ","Programa 10: Salud pública integrada e integral ",""
"10","Secretaria Distrital de Salud","Alcaldia Local de Santa Fe","Salud","8. Desarrollar acciones de información, comunicación, educación,  y orientación frente a las situaciones problemáticas que afectan la salud de la comunidad del sector de San Bernardo. . ","10. Entorno/Proceso comunitario -Jornadas MAS Bienestar:  Equipo cuidarte - Cuidandonos a través del arte
Tema: Salud mental. ","4 de abril de 2025
","0","1","No se reprogramo","4/04/25","Puesta en escena de salud mental en el parque Santa fe, acciones de educación para la salud pública orientadas al cuidado de la salud mental  durante el recorrido  intersectorial.
Cobertura: 243 personas (161  hombres – 82 mujeres)","","San Bernardo","243","Objetivo 2. Bogotá confia en su bien-estar ","Programa 10: Salud pública integrada e integral ",""
"11","Secretaria Distrital de Salud","Alcaldia Local de Santa Fe","Salud","8. Desarrollar acciones de información, comunicación, educación,  y orientación frente a las situaciones problemáticas que afectan la salud de la comunidad del sector de San Bernardo. . ","11. Entorno/Proceso: Vigilancia de la Salud Ambiental ","Se incluyo corde a necesidad del territorio","0","1","No se reprogramo","4/04/25","65 caninos y felinos vacunados ","","San Bernardo","65","Objetivo 2. Bogotá confia en su bien-estar ","Programa 15: Bogotá Protege la vida animal",""
"12","Secretaria Distrital de Salud","Alcaldia Local de Santa Fe","Salud","8. Desarrollar acciones de información, comunicación, educación,  y orientación frente a las situaciones problemáticas que afectan la salud de la comunidad del sector de San Bernardo. . ","12. Entorno/Proceso - Gestión Territorial: Identificar y caracterizar organizaciones comunitarias","9 de abril de 2025","0","1","No se reprogramo","9/04/25","Fueron abordados 14 organizaciones comunitarias","","San Bernardo","14","Objetivo 2. Bogotá confia en su bien-estar ","Programa 10: Salud pública integrada e integral ",""
"13","Secretaria Distrital de Salud","Alcaldia Local de Santa Fe","Salud","8. Desarrollar acciones de información, comunicación, educación,  y orientación frente a las situaciones problemáticas que afectan la salud de la comunidad del sector de San Bernardo. . ","13. Entorno/Proceso: Comunitario - Escucha para Más Bienestar - Habitanza en calle","10 de abril de 2025","1","0","No se desarrollo por motivo de cerramiento ","","No se desarrollo por motivo de cerramiento ","","San Bernardo","0","Objetivo 2. Bogotá confia en su bien-estar ","Programa 15: Bogotá Protege la vida animal",""
"14","Secretaria Distrital de Salud","Alcaldia Local de Santa Fe","Salud","8. Desarrollar acciones de información, comunicación, educación,  y orientación frente a las situaciones problemáticas que afectan la salud de la comunidad del sector de San Bernardo. . ","14. Entorno/Proceso: Comunitario Equipo cuidarte - Cuidándonos a través del artes
Tema: Salud mental","11 de abril de 2025","1","0","No se desarrollo por motivo de cerramiento ","","No se desarrollo por motivo de cerramiento ","","San Bernardo","0","Objetivo 2. Bogotá confia en su bien-estar ","Programa 15: Bogotá Protege la vida animal",""
"15","Secretaria Distrital de Salud","Alcaldia Local de Santa Fe","Salud","8. Desarrollar acciones de información, comunicación, educación,  y orientación frente a las situaciones problemáticas que afectan la salud de la comunidad del sector de San Bernardo. . "," 15. Entorno/Proceso: Comunitario - Análisis y políticas - Programa Ampliado de Inmunizaciones- VSA ","12 de abril de 2025","0","1","No se reprogramo","12/04/25","Programa Ampliado de  Inmunizaciones: 
Dosis aplicadas: 7 Toxoide tetánico, 
2 Neumococo,  2 VPH Hombres adolescentes

Entorno Comunitario:

Punto Cuidarte: Tema Salud Mental y difusión de oferta de servicios en punto: 174 en total distribuidos en 84 hombres y 90 mujeres 

Punto Cuídate y Se Feliz: 14 hombres, 16 mujeres, en los que se incluyen personas mayores de 60 años 3 hombres y 8 mujeres.  

Bienestar Integral es Mas Salud Mental: 
9 tamizajes de salud mental; Trimpleta de Sífilis, VIH , Hepatitis B (9 personas). 

Vigilancia de la Salud Ambiental - VSA:
Vacunación felina y canina 152: 90 en punto y 62 barrido en San Bernardo.","","San Bernardo","224","Objetivo 2. Bogotá confia en su bien-estar ","Programa 10: Salud pública integrada e integral ",""
"16","Secretaria Distrital de Salud","Alcaldia Local de Santa Fe","Salud","8. Desarrollar acciones de información, comunicación, educación,  y orientación frente a las situaciones problemáticas que afectan la salud de la comunidad del sector de San Bernardo. . ","16. Entorno/Proceso - Equipos de Gestión Extramural: Realizar jornada de atención individual con servicios de medicina y enfermería. ","17 de abril de 2025 (En adelante se proyecta realizar una intervención el tercer jueves de cada mes).","1","0","24 de abril de 2025","","No se desarrollo por motivo de cerramiento ","","San Bernardo","0","Objetivo 2. Bogotá confia en su bien-estar ","Programa 10: Salud pública integrada e integral ",""
"17","Secretaria Distrital de Salud","Alcaldia Local de Santa Fe","Salud","8. Desarrollar acciones de información, comunicación, educación,  y orientación frente a las situaciones problemáticas que afectan la salud de la comunidad del sector de San Bernardo. . ","17. Entorno/Proceso – Gestión Territorial: Implementar el Curso Primer respondiente en salud mental  el cual contiene 4 módulos con duración de 4 horas, abordando los siguientes temas:  a) Conducta suicida y primeros auxilios psicológicos; b) Emociones y primeros auxilios psicológicos; c) Gestión del duelo y primeros auxilios psicológicos; d) Abordaje en violencias y primeros auxilios psicológicos; e) Dirigido a comunidad en general teniendo en cuenta las problemáticas identificadas.","23 de abril de 2025","1","0","21 de abril de 2025","21/04/25","Se efectuo la inscripción al Curso primer respondiente en salud mental el cual cuenta con 4 módulos con duración de 4 horas en el que se abordaran los siguientes temas: a) Conducta suicida y primeros auxilios psicológicos; b)Emociones y primeros auxilios psicológicos; c) Gestión del duelo y primeros auxilios psicológicos y d) Abordaje en violencias y primeros auxilios psicológicos.
","","San Bernardo","13","Objetivo 2. Bogotá confia en su bien-estar ","Programa 10: Salud pública integrada e integral ",""
"18","Secretaria Distrital de Salud","Alcaldia Local de Santa Fe","Salud","8. Desarrollar acciones de información, comunicación, educación,  y orientación frente a las situaciones problemáticas que afectan la salud de la comunidad del sector de San Bernardo. . ","18. Entorno/Proceso – Gestión Territorial:
Mapeo de actores comunitarios","Se incluyo corde a necesidad del territorio","0","1","No se reprogramo","23/04/25","Mapeo de actores  comunitarios ","","San Bernardo","9","Objetivo 2. Bogotá confia en su bien-estar ","Programa 10: Salud pública integrada e integral ",""
"19","Secretaria Distrital de Salud","Alcaldia Local de Santa Fe","Salud","8. Desarrollar acciones de información, comunicación, educación,  y orientación frente a las situaciones problemáticas que afectan la salud de la comunidad del sector de San Bernardo. . ","19. Entorno/Proceso: Comunitario - Análisis y políticas -  Programa Ampliado de Inmunizaciones - VSA","26 de abril de 2025","0","1","No se reprogramo","26/04/25","Punto Cuidate y Se Feliz : 23 usuarios atendidos. Mujeres 11 Hombres 12

Cuidarte se realizaron acciones artísticas en pro de la promocion del cuidado de la salud mental con la puesta en escena del profesor Sesudo, actividad de Zumba y actividades lúdicas","","San Bernardo","23","Objetivo 2. Bogotá confia en su bien-estar ","Programa 10: Salud pública integrada e integral ",""
"20","Secretaria Distrital de Salud","Alcaldia Local de Santa Fe","Salud","8. Desarrollar acciones de información, comunicación, educación,  y orientación frente a las situaciones problemáticas que afectan la salud de la comunidad del sector de San Bernardo. . ","20. Entorno/Proceso- Gestión Territorial: Implementar el Laboratorio social de participación  - Modelo  territorial MAS BIENESTAR, con el fin de fortalecer conocimientos y capacidades de la comunidad frente al cuidado de la salud fomentando la vinculación de la ciudadanía a las formas e instancias de participación social en salud como Copacos, Asociaciones de usuarios  y Veedurías Ciudadanas","30 de abril de 2025","1","0","15 de abril de 2025","15/04/25","Para este proceso se cuenta con 12 personas inscritas. ","","San Bernardo","12","Objetivo 2. Bogotá confia en su bien-estar ","Programa 10: Salud pública integrada e integral ",""
"21","Secretaria Distrital de Salud","Alcaldia Local de Santa Fe","Salud","8. Desarrollar acciones de información, comunicación, educación,  y orientación frente a las situaciones problemáticas que afectan la salud de la comunidad del sector de San Bernardo. . ","21. Entorno/Proceso comunitario -Jornadas MAS Bienestar:  Equipo cuidarte - Cuidandonos a través del arte
Tema: Salud mental. ","Se programo como respuesta a la necesidad del territorio","0","1","No se reprogramo","30/04/25","No se logro abordar comunidad","","San Bernardo","0","Objetivo 2. Bogotá confia en su bien-estar ","Programa 15: Bogotá Protege la vida animal",""
"22","RenoBo -Empresa de Renovacion y Desarrollo Urbana","Alcaldia Local de Santa Fe","Habitat","4. Promover acciones mejoramiento de infraestructura del sector: Iluminarias; parque; tapas de andenes ","4. Realizar poda de lote de las Galias entre la decima con calle 3ra costado norte a carrera 12 entre la calle cuarta y quinta. ","Gestionado","0","1","No se reprogramo","1/03/25","Durante el mes de marzo 2025 se realizó la Poda de los lotes ubicados en el PPRU San Bernardo Tercer Milenio. ","","San Bernardo","0","Objetivo 1: Bogotá avanza en seguridad","Programa 5: Espacio público seguro e inclusivo. ",""
"23","RenoBo -Empresa de Renovacion y Desarrollo Urbana","Alcaldia Local de Santa Fe","Habitat","","5. Contextualizar  a la comunidad sobre: a) las acciones que se están desarrollando en torno al cierre del plan parcial de renovación urbana centro San Bernardo y b) el proceso de saneamiento predial de los lotes que se encuentran ubicados en el poligono del plan parcial de renovación urbana San Bernardo Tercer mileno. ","5 de abril de 2025","0","1","No se reprogramo","5/04/25","Fue socializada a la comunidad las acciones que se han venido adelantando por parte de Renobo en torno al cierre del Plan Parcial de Renovación Urbana Centro San Bernardo. ","","San Bernardo","20","Objetivo 1: Bogotá avanza en seguridad","Programa 5: Espacio público seguro e inclusivo. ",""
"24","Promoambiental","Alcaldia Local de Santa Fe","Ambiente","5. Promover actividades dirigidas a la transformación y resignificación  de entornos educativos  ","5. Realizar el proceso de limpieza del entorno correspondiente al  Colegio Antonio José Uribe Sede A en el marco del cierre preventivo de la calle 4 entre carreras 9 y 10 salida sur de la estación bicentenario de Transmilenio correspondiente a la entrada del Colegio Antonio José Uribe ","27 de marzo de 2025","0","1","No se reprogramo","27/03/25","Se llevó a cabo el proceso de limpieza del entorno educativo mediante acciones de hidrolavado y barrido según lo programado. ","","San Bernardo","850","Objetivo 1. Bogotá avanza en seguridad ","Programa 6: movilidad segura e inclusiva ",""
"25","Promoambiental","Alcaldia Local de Santa Fe","Ambiente","5. Promover actividades dirigidas a la transformación y resignificación  de entornos educativos  ","1. Garantizar el aseo, la recolección de basuras y buen mantenimiento de los espacios públicos. ","7 de abril de 2025","0","1","No se reprogramo","7/04/25","Se llevó a cabo  proceso de limpieza del Parque San Bernardo mediante acciones de hidrolavado y barrido según lo programado. ","","San Bernardo","9.184","Objetivo 1. Bogotá avanza en seguridad ","Programa 6: movilidad segura e inclusiva ","Calculo por manzana SDP 2022"
"26","Promoambiental","Alcaldia Local de Santa Fe","Ambiente","","","26 de abril de 2025","0","1","No se reprogramo","26/04/25","Se llevó a cabo  proceso de limpieza del Parque San Bernardo mediante acciones de hidrolavado y barrido para el desarrollo de Festival ""Festival 
musical y feria de servicios San Bernardo""","","San Bernardo","9.184","Objetivo 1. Bogotá avanza en seguridad ","Programa 6: movilidad segura e inclusiva ","Calculo por manzana SDP 2022"
"27","EMB- Empresa Metro de Bogotá","Alcaldia Local de Santa Fe","Movilidad","5. Tramitar solicitudes con el concesionario metro línea 1  en torno a  afectaciones que se presenten en corredor Avenida Caracas. ","1. Solicitar al concesionario metro linea 1 el ajuste de tapas faltantes en corredor Avenida caracas punto Calle 1 No. 13 A - 40. ","8 de abril","0","1","No se reprogramo","8/04/25","Se llevó a cabo  proceso de ajuste de tapas correspondiente al punto de la calle 1 No. 13 A - 40","","San Bernardo","9.184","Objetivo 1. Bogotá avanza en seguridad ","Programa 6: movilidad segura e inclusiva ","Calculo por manzana SDP 2022"
"28","IDIPRON- Insituto Distrital de Protección a la Niñez y a la juventud","Alcaldia Local de Santa Fe","Integración Social","Promover la inclusión social de las personas habitantes de la calle, mediante acciones intersectoriales que prevengan la vida en la calle, permitan su superación, y mitiguen y reduzcan el daño ocasionado por esta opción de vida","Realizar  traslados a la Unidad de Protección Integral el OAISIS  de  personas de 14 a 28 años de edad que presenten formas de exclusión extrema asociadas al Fenómeno de habitabilidad en calle.","De lunes a viernes en dos horarios 7:30 a.m. y 9:00 a.m.","0","1","No se reprogramo","1/04/25","para este periodo se generó el traslado de 92 participantes a la Unidad de Protección Integral (UPI) Oasis. ","","San Bernardo","0","Objetivo 2. Bogotá confia en su bien -estar","Programa 9: Reducción de formas extremas de exclusión",""
"29","IDIPRON- Insituto Distrital de Protección a la Niñez y a la juventud","Alcaldia Local de Santa Fe","Integración Social","Promover la inclusión social de las personas habitantes de la calle, mediante acciones intersectoriales que prevengan la vida en la calle, permitan su superación, y mitiguen y reduzcan el daño ocasionado por esta opción de vida","Realizar  traslados a la Unidad de Protección Integral el OAISIS  de  personas de 14 a 28 años de edad que presenten formas de exclusión extrema asociadas al Fenómeno de habitabilidad en calle.","De lunes a viernes en dos horarios 7:30 a.m. y 9:00 a.m.","0","1","No se reprogramo","2/04/25","para este periodo se generó el traslado de 92 participantes a la Unidad de Protección Integral (UPI) Oasis. ","","San Bernardo","0","Objetivo 2. Bogotá confia en su bien -estar","Programa 9: Reducción de formas extremas de exclusión",""
"30","IDIPRON- Insituto Distrital de Protección a la Niñez y a la juventud","Alcaldia Local de Santa Fe","Integración Social","Promover la inclusión social de las personas habitantes de la calle, mediante acciones intersectoriales que prevengan la vida en la calle, permitan su superación, y mitiguen y reduzcan el daño ocasionado por esta opción de vida","Realizar  traslados a la Unidad de Protección Integral el OAISIS  de  personas de 14 a 28 años de edad que presenten formas de exclusión extrema asociadas al Fenómeno de habitabilidad en calle.","De lunes a viernes en dos horarios 7:30 a.m. y 9:00 a.m.","0","1","No se reprogramo","3/04/25","para este periodo se generó el traslado de 92 participantes a la Unidad de Protección Integral (UPI) Oasis. ","","San Bernardo","0","Objetivo 2. Bogotá confia en su bien -estar","Programa 9: Reducción de formas extremas de exclusión",""
"31","IDIPRON- Insituto Distrital de Protección a la Niñez y a la juventud","Alcaldia Local de Santa Fe","Integración Social","Promover la inclusión social de las personas habitantes de la calle, mediante acciones intersectoriales que prevengan la vida en la calle, permitan su superación, y mitiguen y reduzcan el daño ocasionado por esta opción de vida","Realizar  traslados a la Unidad de Protección Integral el OAISIS  de  personas de 14 a 28 años de edad que presenten formas de exclusión extrema asociadas al Fenómeno de habitabilidad en calle.","De lunes a viernes en dos horarios 7:30 a.m. y 9:00 a.m.","0","1","No se reprogramo","7/04/25","para este periodo se generó el traslado de 92 participantes a la Unidad de Protección Integral (UPI) Oasis. ","","San Bernardo","0","Objetivo 2. Bogotá confia en su bien -estar","Programa 9: Reducción de formas extremas de exclusión",""
"32","IDIPRON- Insituto Distrital de Protección a la Niñez y a la juventud","Alcaldia Local de Santa Fe","Integración Social","Promover la inclusión social de las personas habitantes de la calle, mediante acciones intersectoriales que prevengan la vida en la calle, permitan su superación, y mitiguen y reduzcan el daño ocasionado por esta opción de vida","Realizar  traslados a la Unidad de Protección Integral el OAISIS  de  personas de 14 a 28 años de edad que presenten formas de exclusión extrema asociadas al Fenómeno de habitabilidad en calle.","De lunes a viernes en dos horarios 7:30 a.m. y 9:00 a.m.","0","1","No se reprogramo","8/04/25","para este periodo se generó el traslado de 92 participantes a la Unidad de Protección Integral (UPI) Oasis. ","","San Bernardo","0","Objetivo 2. Bogotá confia en su bien -estar","Programa 9: Reducción de formas extremas de exclusión",""
"33","IDIPRON- Insituto Distrital de Protección a la Niñez y a la juventud","Alcaldia Local de Santa Fe","Integración Social","Promover la inclusión social de las personas habitantes de la calle, mediante acciones intersectoriales que prevengan la vida en la calle, permitan su superación, y mitiguen y reduzcan el daño ocasionado por esta opción de vida","Realizar  traslados a la Unidad de Protección Integral el OAISIS  de  personas de 14 a 28 años de edad que presenten formas de exclusión extrema asociadas al Fenómeno de habitabilidad en calle.","De lunes a viernes en dos horarios 7:30 a.m. y 9:00 a.m.","0","1","No se reprogramo","9/04/25","para este periodo se generó el traslado de 92 participantes a la Unidad de Protección Integral (UPI) Oasis. ","","San Bernardo","0","Objetivo 2. Bogotá confia en su bien -estar","Programa 9: Reducción de formas extremas de exclusión",""
"34","IDIPRON- Insituto Distrital de Protección a la Niñez y a la juventud","Alcaldia Local de Santa Fe","Integración Social","Promover la inclusión social de las personas habitantes de la calle, mediante acciones intersectoriales que prevengan la vida en la calle, permitan su superación, y mitiguen y reduzcan el daño ocasionado por esta opción de vida","Realizar  traslados a la Unidad de Protección Integral el OAISIS  de  personas de 14 a 28 años de edad que presenten formas de exclusión extrema asociadas al Fenómeno de habitabilidad en calle.","De lunes a viernes en dos horarios 7:30 a.m. y 9:00 a.m.","0","1","No se reprogramo","10/04/25","para este periodo se generó el traslado de 92 participantes a la Unidad de Protección Integral (UPI) Oasis. ","","San Bernardo","0","Objetivo 2. Bogotá confia en su bien -estar","Programa 9: Reducción de formas extremas de exclusión",""
"35","IDIPRON- Insituto Distrital de Protección a la Niñez y a la juventud","Alcaldia Local de Santa Fe","Integración Social","Promover la inclusión social de las personas habitantes de la calle, mediante acciones intersectoriales que prevengan la vida en la calle, permitan su superación, y mitiguen y reduzcan el daño ocasionado por esta opción de vida","Realizar  traslados a la Unidad de Protección Integral el OAISIS  de  personas de 14 a 28 años de edad que presenten formas de exclusión extrema asociadas al Fenómeno de habitabilidad en calle.","De lunes a viernes en dos horarios 7:30 a.m. y 9:00 a.m.","0","1","No se reprogramo","11/04/25","para este periodo se generó el traslado de 92 participantes a la Unidad de Protección Integral (UPI) Oasis. ","","San Bernardo","0","Objetivo 2. Bogotá confia en su bien -estar","Programa 9: Reducción de formas extremas de exclusión",""
"36","IDIPRON- Insituto Distrital de Protección a la Niñez y a la juventud","Alcaldia Local de Santa Fe","Integración Social","Promover la inclusión social de las personas habitantes de la calle, mediante acciones intersectoriales que prevengan la vida en la calle, permitan su superación, y mitiguen y reduzcan el daño ocasionado por esta opción de vida","Realizar  traslados a la Unidad de Protección Integral el OAISIS  de  personas de 14 a 28 años de edad que presenten formas de exclusión extrema asociadas al Fenómeno de habitabilidad en calle.","De lunes a viernes en dos horarios 7:30 a.m. y 9:00 a.m.","0","1","No se reprogramo","14/04/25","para este periodo se generó el traslado de 92 participantes a la Unidad de Protección Integral (UPI) Oasis. ","","San Bernardo","0","Objetivo 2. Bogotá confia en su bien -estar","Programa 9: Reducción de formas extremas de exclusión",""
"37","IDIPRON- Insituto Distrital de Protección a la Niñez y a la juventud","Alcaldia Local de Santa Fe","Integración Social","Promover la inclusión social de las personas habitantes de la calle, mediante acciones intersectoriales que prevengan la vida en la calle, permitan su superación, y mitiguen y reduzcan el daño ocasionado por esta opción de vida","Realizar  traslados a la Unidad de Protección Integral el OAISIS  de  personas de 14 a 28 años de edad que presenten formas de exclusión extrema asociadas al Fenómeno de habitabilidad en calle.","De lunes a viernes en dos horarios 7:30 a.m. y 9:00 a.m.","0","1","No se reprogramo","15/04/25","para este periodo se generó el traslado de 92 participantes a la Unidad de Protección Integral (UPI) Oasis. ","","San Bernardo","0","Objetivo 2. Bogotá confia en su bien -estar","Programa 9: Reducción de formas extremas de exclusión",""
"38","IDIPRON- Insituto Distrital de Protección a la Niñez y a la juventud","Alcaldia Local de Santa Fe","Integración Social","Promover la inclusión social de las personas habitantes de la calle, mediante acciones intersectoriales que prevengan la vida en la calle, permitan su superación, y mitiguen y reduzcan el daño ocasionado por esta opción de vida","Realizar  traslados a la Unidad de Protección Integral el OAISIS  de  personas de 14 a 28 años de edad que presenten formas de exclusión extrema asociadas al Fenómeno de habitabilidad en calle.","De lunes a viernes en dos horarios 7:30 a.m. y 9:00 a.m.","0","1","No se reprogramo","16/04/25","para este periodo se generó el traslado de 92 participantes a la Unidad de Protección Integral (UPI) Oasis. ","","San Bernardo","0","Objetivo 2. Bogotá confia en su bien -estar","Programa 9: Reducción de formas extremas de exclusión",""
"39","IDIPRON- Insituto Distrital de Protección a la Niñez y a la juventud","Alcaldia Local de Santa Fe","Integración Social","Promover la inclusión social de las personas habitantes de la calle, mediante acciones intersectoriales que prevengan la vida en la calle, permitan su superación, y mitiguen y reduzcan el daño ocasionado por esta opción de vida","Realizar  traslados a la Unidad de Protección Integral el OAISIS  de  personas de 14 a 28 años de edad que presenten formas de exclusión extrema asociadas al Fenómeno de habitabilidad en calle.","De lunes a viernes en dos horarios 7:30 a.m. y 9:00 a.m.","0","1","No se reprogramo","17/04/25","para este periodo se generó el traslado de 92 participantes a la Unidad de Protección Integral (UPI) Oasis. ","","San Bernardo","0","Objetivo 2. Bogotá confia en su bien -estar","Programa 9: Reducción de formas extremas de exclusión",""
"40","IDIPRON- Insituto Distrital de Protección a la Niñez y a la juventud","Alcaldia Local de Santa Fe","Integración Social","Promover la inclusión social de las personas habitantes de la calle, mediante acciones intersectoriales que prevengan la vida en la calle, permitan su superación, y mitiguen y reduzcan el daño ocasionado por esta opción de vida","Realizar  traslados a la Unidad de Protección Integral el OAISIS  de  personas de 14 a 28 años de edad que presenten formas de exclusión extrema asociadas al Fenómeno de habitabilidad en calle.","De lunes a viernes en dos horarios 7:30 a.m. y 9:00 a.m.","0","1","No se reprogramo","18/04/25","para este periodo se generó el traslado de 92 participantes a la Unidad de Protección Integral (UPI) Oasis. ","","San Bernardo","0","Objetivo 2. Bogotá confia en su bien -estar","Programa 9: Reducción de formas extremas de exclusión",""
"41","IDIPRON- Insituto Distrital de Protección a la Niñez y a la juventud","Alcaldia Local de Santa Fe","Integración Social","Promover la inclusión social de las personas habitantes de la calle, mediante acciones intersectoriales que prevengan la vida en la calle, permitan su superación, y mitiguen y reduzcan el daño ocasionado por esta opción de vida","Realizar  traslados a la Unidad de Protección Integral el OAISIS  de  personas de 14 a 28 años de edad que presenten formas de exclusión extrema asociadas al Fenómeno de habitabilidad en calle.","De lunes a viernes en dos horarios 7:30 a.m. y 9:00 a.m.","0","1","No se reprogramo","21/04/25","para este periodo se generó el traslado de 92 participantes a la Unidad de Protección Integral (UPI) Oasis. ","","San Bernardo","0","Objetivo 2. Bogotá confia en su bien -estar","Programa 9: Reducción de formas extremas de exclusión",""
"42","IDIPRON- Insituto Distrital de Protección a la Niñez y a la juventud","Alcaldia Local de Santa Fe","Integración Social","Promover la inclusión social de las personas habitantes de la calle, mediante acciones intersectoriales que prevengan la vida en la calle, permitan su superación, y mitiguen y reduzcan el daño ocasionado por esta opción de vida","Realizar  traslados a la Unidad de Protección Integral el OAISIS  de  personas de 14 a 28 años de edad que presenten formas de exclusión extrema asociadas al Fenómeno de habitabilidad en calle.","De lunes a viernes en dos horarios 7:30 a.m. y 9:00 a.m.","0","1","No se reprogramo","22/04/25","para este periodo se generó el traslado de 92 participantes a la Unidad de Protección Integral (UPI) Oasis. ","","San Bernardo","0","Objetivo 2. Bogotá confia en su bien -estar","Programa 9: Reducción de formas extremas de exclusión",""
"43","IDIPRON- Insituto Distrital de Protección a la Niñez y a la juventud","Alcaldia Local de Santa Fe","Integración Social","Promover la inclusión social de las personas habitantes de la calle, mediante acciones intersectoriales que prevengan la vida en la calle, permitan su superación, y mitiguen y reduzcan el daño ocasionado por esta opción de vida","Realizar  traslados a la Unidad de Protección Integral el OAISIS  de  personas de 14 a 28 años de edad que presenten formas de exclusión extrema asociadas al Fenómeno de habitabilidad en calle.","De lunes a viernes en dos horarios 7:30 a.m. y 9:00 a.m.","0","1","No se reprogramo","23/04/25","para este periodo se generó el traslado de 92 participantes a la Unidad de Protección Integral (UPI) Oasis. ","","San Bernardo","0","Objetivo 2. Bogotá confia en su bien -estar","Programa 9: Reducción de formas extremas de exclusión",""
"44","IDIPRON- Insituto Distrital de Protección a la Niñez y a la juventud","Alcaldia Local de Santa Fe","Integración Social","Promover la inclusión social de las personas habitantes de la calle, mediante acciones intersectoriales que prevengan la vida en la calle, permitan su superación, y mitiguen y reduzcan el daño ocasionado por esta opción de vida","Realizar  traslados a la Unidad de Protección Integral el OAISIS  de  personas de 14 a 28 años de edad que presenten formas de exclusión extrema asociadas al Fenómeno de habitabilidad en calle.","De lunes a viernes en dos horarios 7:30 a.m. y 9:00 a.m.","0","1","No se reprogramo","24/04/25","para este periodo se generó el traslado de 92 participantes a la Unidad de Protección Integral (UPI) Oasis. ","","San Bernardo","0","Objetivo 2. Bogotá confia en su bien -estar","Programa 9: Reducción de formas extremas de exclusión",""
"45","IDIPRON- Insituto Distrital de Protección a la Niñez y a la juventud","Alcaldia Local de Santa Fe","Integración Social","Promover la inclusión social de las personas habitantes de la calle, mediante acciones intersectoriales que prevengan la vida en la calle, permitan su superación, y mitiguen y reduzcan el daño ocasionado por esta opción de vida","Realizar  traslados a la Unidad de Protección Integral el OAISIS  de  personas de 14 a 28 años de edad que presenten formas de exclusión extrema asociadas al Fenómeno de habitabilidad en calle.","De lunes a viernes en dos horarios 7:30 a.m. y 9:00 a.m.","0","1","No se reprogramo","25/04/25","para este periodo se generó el traslado de 92 participantes a la Unidad de Protección Integral (UPI) Oasis. ","","San Bernardo","0","Objetivo 2. Bogotá confia en su bien -estar","Programa 9: Reducción de formas extremas de exclusión",""
"46","IDIPRON- Insituto Distrital de Protección a la Niñez y a la juventud","Alcaldia Local de Santa Fe","Integración Social","Promover la inclusión social de las personas habitantes de la calle, mediante acciones intersectoriales que prevengan la vida en la calle, permitan su superación, y mitiguen y reduzcan el daño ocasionado por esta opción de vida","Realizar  traslados a la Unidad de Protección Integral el OAISIS  de  personas de 14 a 28 años de edad que presenten formas de exclusión extrema asociadas al Fenómeno de habitabilidad en calle.","De lunes a viernes en dos horarios 7:30 a.m. y 9:00 a.m.","0","1","No se reprogramo","28/04/25","para este periodo se generó el traslado de 92 participantes a la Unidad de Protección Integral (UPI) Oasis. ","","San Bernardo","0","Objetivo 2. Bogotá confia en su bien -estar","Programa 9: Reducción de formas extremas de exclusión",""
"47","IDIPRON- Insituto Distrital de Protección a la Niñez y a la juventud","Alcaldia Local de Santa Fe","Integración Social","Promover la inclusión social de las personas habitantes de la calle, mediante acciones intersectoriales que prevengan la vida en la calle, permitan su superación, y mitiguen y reduzcan el daño ocasionado por esta opción de vida","Realizar  traslados a la Unidad de Protección Integral el OAISIS  de  personas de 14 a 28 años de edad que presenten formas de exclusión extrema asociadas al Fenómeno de habitabilidad en calle.","De lunes a viernes en dos horarios 7:30 a.m. y 9:00 a.m.","0","1","No se reprogramo","29/04/25","para este periodo se generó el traslado de 92 participantes a la Unidad de Protección Integral (UPI) Oasis. ","","San Bernardo","0","Objetivo 2. Bogotá confia en su bien -estar","Programa 9: Reducción de formas extremas de exclusión",""
"48","IDIPRON- Insituto Distrital de Protección a la Niñez y a la juventud","Alcaldia Local de Santa Fe","Integración Social","Promover la inclusión social de las personas habitantes de la calle, mediante acciones intersectoriales que prevengan la vida en la calle, permitan su superación, y mitiguen y reduzcan el daño ocasionado por esta opción de vida","Realizar  traslados a la Unidad de Protección Integral el OAISIS  de  personas de 14 a 28 años de edad que presenten formas de exclusión extrema asociadas al Fenómeno de habitabilidad en calle.","De lunes a viernes en dos horarios 7:30 a.m. y 9:00 a.m.","0","1","No se reprogramo","30/04/25","para este periodo se generó el traslado de 92 participantes a la Unidad de Protección Integral (UPI) Oasis. ","","San Bernardo","92","Objetivo 2. Bogotá confia en su bien -estar","Programa 9: Reducción de formas extremas de exclusión",""
"49","FUGA- Fundación Gilberto Alzate Avendaño","Alcaldia Local de Santa Fe","Cultura, recreación y deporte","10. Fomentar prácticas artísticas y culturales que permitan transformar espacios e imaginarios sociales sobre el sector de San Bernardo","1.	Promover expresiones artisticas en la comunidad mediante acciones de escritura y otras expresiones artísticas .","Entre el 25 de marzo y el 30 de abril del 2025 se realizarán intervenciones todos los miércoles. Seis (6) en total.","0","1","No se reprogramo","2/04/25","Se impactaron 50 ciudadanos y ciudadanas habitantes de calle, de los cuales 30 corresponden a hombres y 20 a mujeres. ","","San Bernardo","50","Objetivo 2. Bogotá confia en su bien-estar ","Programa 14. Bogotá deportiva, recreativa, artistica, patrimonial e intercultural. ",""
"50","FUGA- Fundación Gilberto Alzate Avendaño","Alcaldia Local de Santa Fe","Cultura, recreación y deporte","10. Fomentar prácticas artísticas y culturales que permitan transformar espacios e imaginarios sociales sobre el sector de San Bernardo","2.	Realizar proyección de cine dirigida a la comunidad del sector de San Bernardo .","9 de abril de 2025","1","0","16 de abril 2025","16/04/25","Actividad que fue reprogramada por temas de seguridad en el sector. Se desarrollo el 16 de abril del año a partir de las 5:00 p.m. en la que se proyectó a la comunidad un ciclo de cortometrajes. Se contó con la participación de 40 hombres y 10 mujeres de la comunidad.","","San Bernardo","50","Objetivo 2. Bogotá confia en su bien-estar ","Programa 14. Bogotá deportiva, recreativa, artistica, patrimonial e intercultural. ",""
"51","FUGA- Fundación Gilberto Alzate Avendaño","Alcaldia Local de Santa Fe","Cultura, recreación y deporte","10. Fomentar prácticas artísticas y culturales que permitan transformar espacios e imaginarios sociales sobre el sector de San Bernardo","3.	Promover entornos seguros para niños y niñas a través de la estrategia Fuguitas. ","23 de abril de 2025","1","0","30 de abril de 2025","30/04/25","Actividad que se reprogramó para el 30 de abril de 2025 dado proceso de cerramiento adelantado en el predio de las Galias entre el 21 y 25 de abril. Se determinó implementar la estrategia fuguitas en el IED Antonio Jose Uribe sede B en el marco de la Celebración del día de los niños. Se suman a esta actividad los siguientes sectores: a) SDIS con su equipo de infancia; b) Policia Comunitaria con polirumba y pintucaritas y c) SubRed Centro Oriente con oferta de vacunación para el entorno educativo. ","","San Bernardo","50","Objetivo 2. Bogotá confia en su bien-estar ","Programa 14. Bogotá deportiva, recreativa, artistica, patrimonial e intercultural. ",""
"52","FUGA- Fundación Gilberto Alzate Avendaño","Alcaldia Local de Santa Fe","Cultura, recreación y deporte","10. Fomentar prácticas artísticas y culturales que permitan transformar espacios e imaginarios sociales sobre el sector de San Bernardo","4.	Llevar a cabo un festival musical en el marco de la celebración del día de la niñez: logística, instalación de tarima y sonido, organización de parrilla de artistas. ","26 de abril de 2025","0","1","No se reprogramo","26/04/25","Actividad denominada ""Festival musical y ferias de servicios San Bernardo"" La cual se adelantara el 26 de abril en el parque El educador de San Bernardo como se tenia previsto en el plan  de trabajo. ","","San Bernardo","0","Objetivo 2. Bogotá confia en su bien-estar ","Programa 14. Bogotá deportiva, recreativa, artistica, patrimonial e intercultural. ",""
"53","SED- Secretaria Distrital de Educación","Alcaldia Local de Santa Fe","Educacion","5. Promover actividades dirigidas a la transformación y resignificación  de entornos educativos  ","1. Efectuar un torneo relámpago de banquitas Fútbol por la Paz en articulación con la Fundación Aliada Tiempo de Juego. ","16 de abril de 2025","1","0","15 de abril de 2025","15/04/25","Durante la implementación de la actividad no se identificaron niños ni niñas en el sector por lo que se considera necesario replantear la actividad en una segunda fase de implementación del Plan de Trabajo. ","","San Bernardo","0","Objetivo 3. Bogotá confia en su potencial ","Programa 16. Atención integral a la primera infancia y educación como eje del potencial humano ",""
"54","SED- Secretaria Distrital de Educación","Alcaldia Local de Santa Fe","Educacion","5. Promover actividades dirigidas a la transformación y resignificación  de entornos educativos  ","2. Implementar una galería fotográfica con imágenes antiguas y vigentes del sector de San Bernardo en el marco de acciones de recapitulación de memoria. ","26 de abril de 2025","1","0","Por definir para la segunda Fase del Plan de Trabajo","","Este compromiso se aplaza teniendo en cuenta proceso de cerramiento adelantado en calle 3 predio Galias con el que se indica ","","San Bernardo","0","Objetivo 3. Bogotá confia en su potencial ","Programa 16. Atención integral a la primera infancia y educación como eje del potencial humano ","Por definir para la segunda Fase del Plan de Trabajo"
"55","SED- Secretaria Distrital de Educación","Alcaldia Local de Santa Fe","Educacion","5. Promover actividades dirigidas a la transformación y resignificación  de entornos educativos  ","6. Realizar una feria de servicios dirigida a la comunidad educativa en el marco del cierre preventivo de la calle 4 entre carreras 9 y 10 salida sur de la estación bicentenario de Transmilenio correspondiente a la entrada del Colegio Antonio José Uribe. ","27 de marzo de 2025","0","1","No se reprogramo","27/03/25","Con el cerramiento adelantado en la Calle 4 se generó impacto en la comunidad educativa en torno a la recuperación de su entorno escolar. A partir de este ejercicio el sector educación ha generado una agenda de sostenibilidad en el que se han vinculado acciones intersectoriales que involucran a la comunidad educativa, ","","San Bernardo","850","Objetivo 3. Bogotá confia en su potencial ","Programa 16. Atención integral a la primera infancia y educación como eje del potencial humano ",""
"56","SED- Secretaria Distrital de Educación","Alcaldia Local de Santa Fe","Educacion","5. Promover actividades dirigidas a la transformación y resignificación  de entornos educativos  ","1. Acompañamiento en Busqueda activa de NNA en dos pagadiarios San Bernardo","Compromiso adicional ejecutado no contemplado en el marco del Plan de Trabajo","0","1","No se reprogramo","11/04/25","Se realiza visita a pagadiarios ubicados en el sector de San Bernardo en donde se identificaron niños y niñas que no se encuentran vinculados en el sector educativo. Dado lo anterior se realizó la respectiva activación de ruta para matricula en el Sistema Integrado de Matrículas (SIMAT). ","","San Bernardo","12","Objetivo 3. Bogotá confia en su potencial ","Programa 16. Atención integral a la primera infancia y educación como eje del potencial humano ",""
"57","SED- Secretaria Distrital de Educación","Alcaldia Local de Santa Fe","Educacion","","2. Lectura territorial de desmonte de cambuches en intervención Galias ","Compromiso adicional ejecutado no contemplado en el marco del Plan de Trabajo","0","1","No se reprogramo","21/04/25","Levantamiento de un cambuche estructurado ubicado en el entorno educatiovo Antonio José Uribe Sede B. ","","San Bernardo","50","Objetivo 3. Bogotá confia en su potencial ","Programa 16. Atención integral a la primera infancia y educación como eje del potencial humano ",""
"58","DADEP- Departamento Administrativo de La Defensoría Del Espacio Público","Alcaldia Local de Santa Fe","Gobierno","4. Promover acciones mejoramiento de infraestructura del sector: Iluminarias; parque; tapas de andenes ","3. 	Realizar proceso de embellecimiento del parque de San Bernardo a través de muralismo táctico con el equipo de defensores del espacio público. (Gestión sobre ruta a adelantar de manera conjunta con la Alcaldía local de Santa Fe).  ","30 de abril de 2025","1","0","02 de mayo de 2025","2/05/25","Se llevó a cabo la primera fase de revitalización del parque el Educador de San Bernardo mediante acciones de ornato, pintura de bancas y postes. En este espacio se contó con el acompañamiento institucional de SDIS, IDIPRON, Promoambiental, policia y DCDS de la Secretaria de Gobierno. Se resalta el acompañamiento de la comunidad en la ejecución de esta actividad. ","","San Bernardo","8","Objetivo 1: Bogotá avanza en seguridad","Programa 5: Espacio público seguro e inclusivo. ",""
"59","SDRCD- Secretaría de Cultura, Recreación y Deporte","Alcaldia Local de Santa Fe","Cultura, recreación y deporte","10. Fomentar prácticas artísticas y culturales que permitan transformar espacios e imaginarios sociales sobre el sector de San Bernardo","1.	Promover expresiones artisticas en la comunidad mediante acciones de escritura y otras expresiones artísticas .","Entre el 25 de marzo y el 30 de abril del 2025 se realizarán intervenciones todos los miércoles. Seis (6) en total.","0","1","No se reprogramo","2/04/25","Se impactaron 50 ciudadanos y ciudadanas habitantes de calle, de los cuales 30 corresponden a hombres y 20 a mujeres. ","","San Bernardo","50","Objetivo 2. Bogotá confia en su bien-estar ","Programa 14. Bogotá deportiva, recreativa, artistica, patrimonial e intercultural. ",""
"60","SDRCD- Secretaría de Cultura, Recreación y Deporte","Alcaldia Local de Santa Fe","Cultura, recreación y deporte","10. Fomentar prácticas artísticas y culturales que permitan transformar espacios e imaginarios sociales sobre el sector de San Bernardo","2.	Realizar proyección de cine dirigida a la comunidad del sector de San Bernardo .","9 de abril de 2025","1","0","16 de abril 2025","16/04/25","Actividad que fue reprogramada por temas de seguridad en el sector. Se desarrollo el 16 de abril del año a partir de las 5:00 p.m. en la que se proyectó a la comunidad un ciclo de cortometrajes. Se contó con la participación de 40 hombres y 10 mujeres de la comunidad.","","San Bernardo","50","Objetivo 2. Bogotá confia en su bien-estar ","Programa 14. Bogotá deportiva, recreativa, artistica, patrimonial e intercultural. ",""
"61","SDRCD- Secretaría de Cultura, Recreación y Deporte","Alcaldia Local de Santa Fe","Cultura, recreación y deporte","10. Fomentar prácticas artísticas y culturales que permitan transformar espacios e imaginarios sociales sobre el sector de San Bernardo","3.	Promover entornos seguros para niños y niñas a través de la estrategia Fuguitas. ","23 de abril de 2025","1","0","30 de abril de 2025","30/04/25","Actividad que se reprogramó para el 30 de abril de 2025 dado proceso de cerramiento adelantado en el predio de las Galias entre el 21 y 25 de abril. Se determinó implementar la estrategia fuguitas en el IED Antonio Jose Uribe sede B en el marco de la Celebración del día de los niños. Se suman a esta actividad los siguientes sectores: a) SDIS con su equipo de infancia; b) Policia Comunitaria con polirumba y pintucaritas y c) SubRed Centro Oriente con oferta de vacunación para el entorno educativo. ","","San Bernardo","50","Objetivo 2. Bogotá confia en su bien-estar ","Programa 14. Bogotá deportiva, recreativa, artistica, patrimonial e intercultural. ",""
"62","SDRCD- Secretaría de Cultura, Recreación y Deporte","Alcaldia Local de Santa Fe","Cultura, recreación y deporte","10. Fomentar prácticas artísticas y culturales que permitan transformar espacios e imaginarios sociales sobre el sector de San Bernardo","4.	Llevar a cabo un festival musical en el marco de la celebración del día de la niñez: logística, instalación de tarima y sonido, organización de parrilla de artistas. ","26 de abril de 2025","0","1","No se reprogramo","26/04/25","Actividad denominada ""Festival musical y ferias de servicios San Bernardo"" La cual se adelantara el 26 de abril en el parque El educador de San Bernardo como se tenia previsto en el plan  de trabajo. ","","San Bernardo","0","Objetivo 2. Bogotá confia en su bien-estar ","Programa 14. Bogotá deportiva, recreativa, artistica, patrimonial e intercultural. ",""
"63","Consejería de paz , victimas y reconciliación","Alcaldia Local de Santa Fe","Gestión pública","13. Identificar y atender a víctimas del conflicto armado residentes del sector de San Bernardo. ","1. Realizar búsqueda activa de personas que han sido beneficiarias de los servicios ofertados por la Alta Consejería de Paz, Víctimas y Reconciliación y de potenciales beneficiarios que puedan integrarse en la Ruta. ","Entre el 25 de marzo y el 30 de abril del 2025 se realizaran tres intervenciones. ","0","1","No se reprogramo","26/04/25","Los recorridos tuvieron un doble propósito: por un lado,identificar y atender a personas víctimas del conflicto, brindándoles información sobres sus derechos y acceso a rutas institucionales de atención; y por otro, monitorear posbles situaciones de vulneración de derechos a miembros de la comunidad Emberá, con el fin de garantizar una intervención oportuna y coordinada por parte de las entidades.     A lo largode 19 dias de trabajo, el equipo de la Consejria logró atender de manera directa 17 personas con reconocimiento como víctimas del conflicto armado quienes recibieron orioentación juridoca y atención psicosocial ","","San Bernardo","17","Objetivo 2. Bogotá confía en su bien-estar","Programa 13: Bogotá, un territorio
de paz y reconciliación
donde todos puedan
volver a empezar",""
"64","Consejería de paz , victimas y reconciliación","Alcaldia Local de Santa Fe","Gestión pública","13. Identificar y atender a víctimas del conflicto armado residentes del sector de San Bernardo. ","2. Desarrollar acciones de reconstrucción de la memoria histórica del territorio con los habitantes de la comunidad.","Se Proyecta para  el 03 de mayo del 2025. ","0","1","No se reprogramo","3/05/25","Teniendo en cuenta los resultados obtenidos del proceso de búsqueda activa adelantado y las dinámicas territoriales se replanteara la fecha correspondiente al mes de mayo. ","","San Bernardo","0","Objetivo 2. Bogotá confía en su bien-estar","Programa 13: Bogotá, un territorio
de paz y reconciliación
donde todos puedan
volver a empezar",""
"65","Consejería de paz , victimas y reconciliación","Alcaldia Local de Santa Fe","Gestión pública","13. Identificar y atender a víctimas del conflicto armado residentes del sector de San Bernardo. ","3. Adelantar acciones de acompañamiento psicosocial a población víctima del conflicto armado mediante atención individual o de carácter grupal. ","Se definirá de acuerdo con el recorrido del 27 de marzo del 2025. ","0","1","No se reprogramo","27/03/25","Las personas no se están presentando de manera grupal por temas concernientes a operativos y presencia de CHC. Se va a verificar mañana con la activación si hay mayor disposición de la comunidad.","","San Bernardo","0","Objetivo 2. Bogotá confía en su bien-estar","Programa 13: Bogotá, un territorio
de paz y reconciliación
donde todos puedan
volver a empezar",""
"66","Alcaldía Local de Santa Fe","Alcaldia Local de Santa Fe","Gobierno","5. Promover actividades dirigidas a la transformación y resignificación  de entornos educativos  ","3. Efectuar el cerramiento preventivo de la calle 4 entre carreras 9 y 10 salida sur de la estación bicentenario de Transmilenio correspondiente a la entrada del Colegio Antonio José Uribe Sede A. ","27 de marzo de 2025","0","1","No se reprogramo","27/03/25","Se llevó a cabo el cerramiento preventivo de la calle 4 entre carreras 9 y 10 salida sur de la estación bicentenario de Transmilenio correspondiente a la entrada del Colegio Antonio Jose Uribe Sede A. Se llevaron a cabo actividades de limpieza del entorno educativo mediante acciones de hidrolavado y barrido según lo programado y acciones de caracter cultural y de oferta de servicios dirigida a la comunidad educativa. ","","San Bernardo","850","Objetivo 1. Bogotá avanza en seguridad ","Programa 6: movilidad segura e inclusiva ",""
"67","Alcaldía Local de Santa Fe","Alcaldia Local de Santa Fe","Gobierno","6. Programar un operativo de Inspección, Vigilancia y Control (IVC) en articulación con las entidades competentes, con el fin de adoptar las medidas necesarias para la recuperación del espacio público y la mitigación de los impactos ambientales y de salubridad asociados. ","1. Programar  operativos de Inspección, Vigilancia y Control (IVC) en los cuales se aborden los siguientes elementos: a) Abordaje de cambuches estructurados; b) Realizar intervención interinstitucional para la recolección de residuos; c) Recuperación de puntos críticos de acumulación de residuos; d)  Recuperación del espacio público en el que se evidencia Ocupación indebida mediante actividades de almacenamiento y separación de materiales de reciclaje las cuales no están permitidas conforme a la normatividad vigente","Se realizarán dos (2) intervenciones (1 y 14 debril de 2025).","1","0","01 de abril de 2025    11 de abril de 2025   21 de abril de 2025  29 de abril de 2025","1/04/25","a) 01 de abril: Se llevo a cabo una megatoma                                                                                                                                                                                                                                                            ","","San Bernardo","0","Objetivo 1. Bogotá avanza en seguridad ","Programa 6: movilidad segura e inclusiva ",""
"68","Alcaldía Local de Santa Fe","Alcaldia Local de Santa Fe","Gobierno","6. Programar un operativo de Inspección, Vigilancia y Control (IVC) en articulación con las entidades competentes, con el fin de adoptar las medidas necesarias para la recuperación del espacio público y la mitigación de los impactos ambientales y de salubridad asociados. ","1. Programar  operativos de Inspección, Vigilancia y Control (IVC) en los cuales se aborden los siguientes elementos: a) Abordaje de cambuches estructurados; b) Realizar intervención interinstitucional para la recolección de residuos; c) Recuperación de puntos críticos de acumulación de residuos; d)  Recuperación del espacio público en el que se evidencia Ocupación indebida mediante actividades de almacenamiento y separación de materiales de reciclaje las cuales no están permitidas conforme a la normatividad vigente","Se realizarán dos (2) intervenciones (1 y 14 debril de 2025).","1","0","11 de abril de 2025","11/04/25","  b) 11 de abril: Se realizo operativo en pagadiarios.  ","","San Bernardo","0","Objetivo 1. Bogotá avanza en seguridad ","Programa 6: movilidad segura e inclusiva ",""
"69","Alcaldía Local de Santa Fe","Alcaldia Local de Santa Fe","Gobierno","6. Programar un operativo de Inspección, Vigilancia y Control (IVC) en articulación con las entidades competentes, con el fin de adoptar las medidas necesarias para la recuperación del espacio público y la mitigación de los impactos ambientales y de salubridad asociados. ","1. Programar  operativos de Inspección, Vigilancia y Control (IVC) en los cuales se aborden los siguientes elementos: a) Abordaje de cambuches estructurados; b) Realizar intervención interinstitucional para la recolección de residuos; c) Recuperación de puntos críticos de acumulación de residuos; d)  Recuperación del espacio público en el que se evidencia Ocupación indebida mediante actividades de almacenamiento y separación de materiales de reciclaje las cuales no están permitidas conforme a la normatividad vigente","Se realizarán dos (2) intervenciones (1 y 14 debril de 2025).","1","0","21 de abril de 2025","21/04/25","            d) 21 de abril: Se lideró proceso de cerramiento lote Galias en calle 3.   ","","San Bernardo","0","Objetivo 1. Bogotá avanza en seguridad ","Programa 6: movilidad segura e inclusiva ",""
"70","Alcaldía Local de Santa Fe","Alcaldia Local de Santa Fe","Gobierno","6. Programar un operativo de Inspección, Vigilancia y Control (IVC) en articulación con las entidades competentes, con el fin de adoptar las medidas necesarias para la recuperación del espacio público y la mitigación de los impactos ambientales y de salubridad asociados. ","1. Programar  operativos de Inspección, Vigilancia y Control (IVC) en los cuales se aborden los siguientes elementos: a) Abordaje de cambuches estructurados; b) Realizar intervención interinstitucional para la recolección de residuos; c) Recuperación de puntos críticos de acumulación de residuos; d)  Recuperación del espacio público en el que se evidencia Ocupación indebida mediante actividades de almacenamiento y separación de materiales de reciclaje las cuales no están permitidas conforme a la normatividad vigente","Se realizarán dos (2) intervenciones (1 y 14 debril de 2025).","1","0","29 de abril de 2025","29/04/25","   c) 29 de abril: Se realizo operativos de IVC en bodegas de reciclaje en jornada mañana y en la tarde operativos en pagadiarios.      ","","San Bernardo","0","Objetivo 1. Bogotá avanza en seguridad ","Programa 6: movilidad segura e inclusiva ",""